-- Inserindo contatos
INSERT INTO contatos (id, nome, data_nascimento) VALUES
(1, 'Carlos Silva', '1985-06-15'),
(2, 'Ana Souza', '1992-03-22'),
(3, 'Bruno Fernandes', '1988-11-05'),
(4, 'Mariana Lima', '1995-07-18'),
(5, 'Fernando Rocha', '1980-09-30'),
(6, 'Juliana Mendes', '1993-12-12'),
(7, 'Rafael Almeida', '1986-04-25'),
(8, 'Camila Santos', '1991-08-08'),
(9, 'Eduardo Costa', '1990-02-14'),
(10, 'Tatiane Oliveira', '1996-05-07'),
(11, 'Vinícius Martins', '1983-10-10'),
(12, 'Patrícia Carvalho', '1987-01-28'),
(13, 'Roberto Farias', '1984-06-03'),
(14, 'Gabriela Ramos', '1999-09-19'),
(15, 'Luciano Pereira', '1975-12-21');

-- Inserindo endereços
INSERT INTO enderecos (id, rua, numero, complemento, bairro, municipio, estado, cep, contato_id) VALUES
(1, 'Rua das Flores', '123', NULL, 'Centro', 'São Paulo', 'SP', '01010-000', 1),
(2, 'Av. Paulista', '456', 'Apto 32', 'Bela Vista', 'São Paulo', 'SP', '01311-200', 2),
(3, 'Rua das Acácias', '789', NULL, 'Jardim América', 'Rio de Janeiro', 'RJ', '22041-001', 3),
(4, 'Av. Brasil', '321', NULL, 'Copacabana', 'Rio de Janeiro', 'RJ', '22070-000', 4),
(5, 'Rua XV de Novembro', '654', 'Bloco B', 'Centro', 'Curitiba', 'PR', '80020-300', 5),
(6, 'Av. Ipiranga', '147', NULL, 'República', 'Porto Alegre', 'RS', '90010-000', 6),
(7, 'Rua Bahia', '963', NULL, 'Savassi', 'Belo Horizonte', 'MG', '30112-010', 7),
(8, 'Av. Rio Branco', '852', 'Casa 2', 'Centro', 'Recife', 'PE', '50030-230', 8),
(9, 'Rua das Palmeiras', '741', NULL, 'Jardim Botânico', 'Brasília', 'DF', '70680-450', 9),
(10, 'Rua das Laranjeiras', '258', 'Fundos', 'Centro', 'Salvador', 'BA', '40020-310', 10),
(11, 'Av. Independência', '333', NULL, 'Centro', 'Fortaleza', 'CE', '60140-100', 11),
(12, 'Rua 7 de Setembro', '789', NULL, 'Boa Viagem', 'Recife', 'PE', '51020-320', 12),
(13, 'Av. Sete de Setembro', '102', 'Apto 101', 'Centro', 'Curitiba', 'PR', '80030-150', 13),
(14, 'Rua Amazonas', '87', NULL, 'Cidade Nova', 'Manaus', 'AM', '69050-000', 14),
(15, 'Av. Goiás', '456', 'Loja 2', 'Setor Oeste', 'Goiânia', 'GO', '74110-010', 15);

-- Inserindo emails
INSERT INTO emails (id, email, contato_id) VALUES
(1, 'carlos@email.com', 1),
(2, 'ana.souza@email.com', 2),
(3, 'bruno88@email.com', 3),
(4, 'mariana.lima@email.com', 4),
(5, 'fernando.rocha@email.com', 5),
(6, 'juliana_m@email.com', 6),
(7, 'rafael_a@email.com', 7),
(8, 'camila_santos@email.com', 8),
(9, 'eduardo.costa@email.com', 9),
(10, 'tatiane.o@email.com', 10),
(11, 'vinicius@email.com', 11),
(12, 'patricia@email.com', 12),
(13, 'roberto_farias@email.com', 13),
(14, 'gabriela@email.com', 14),
(15, 'luciano_pereira@email.com', 15),
(16, 'ana_trabalho@email.com', 2),
(17, 'bruno.fernandes@email.com', 3),
(18, 'juliana_trabalho@email.com', 6);

-- Inserindo telefones
INSERT INTO telefones (id, telefone, contato_id) VALUES
(1, '11999998888', 1),
(2, '21988887777', 2),
(3, '31977776666', 3),
(4, '41966665555', 4),
(5, '51955554444', 5),
(6, '61944443333', 6),
(7, '71933332222', 7),
(8, '81922221111', 8),
(9, '91911110000', 9),
(10, '11900009999', 10),
(11, '21911112222', 11),
(12, '31922223333', 12),
(13, '41933334444', 13),
(14, '51944445555', 14),
(15, '61955556666', 15),
(16, '21988889999', 2),
(17, '31977778888', 3),
(18, '41966667777', 4),
(19, '51955558888', 5),
(20, '61944449999', 6),
(21, '81922223333', 8),
(22, '91911114444', 9),
(23, '11900002222', 10),
(24, '21911113333', 11),
(25, '31922224444', 12);